[{"model": "surveys.survey", "pk": 2, "fields": {"code": "encuenta001", "title": "PRIMERA ENCUESTA VIRTUAL PARA PERSONAS LGBTI, 2017", "slug": "primera-encuesta-lgtb-2017", "template": 2, "form": 1}}, {"model": "formbuilds.form", "pk": 1, "fields": {"valid_from": "2017-05-05", "valid_to": "2017-05-31", "title": "PRIMERA ENCUESTA VIRTUAL PARA PERSONAS LGBTI, 2017", "subtitle": "INFORMACI\u00d3N CONFIDENCIAL AMPARADA POR EL DECRETO SUPREMO 043-2001-PCM DEL SECRETO ESTAD\u00cdSTICO", "create_date": "2017-05-05T09:07:40.307", "modified_date": "2017-05-05T13:59:35.873"}}, {"model": "formbuilds.block", "pk": 1, "fields": {"title": "I. UBICACI\u00d3N GEOGR\u00c1FICA DE SU VIVIENDA", "help_text": "", "form": 1, "is_question": false, "created_date": "2017-05-05T09:07:40.312", "modified_date": "2017-05-05T13:59:35.909"}}, {"model": "formbuilds.block", "pk": 2, "fields": {"title": "II. IDENTIFICACI\u00d3N DEL INFORMANTE", "help_text": "", "form": 1, "is_question": false, "created_date": "2017-05-05T09:07:40.314", "modified_date": "2017-05-05T13:59:35.923"}}, {"model": "formbuilds.block", "pk": 3, "fields": {"title": "SECCI\u00d3N 100. CARACTER\u00cdSTICAS SOCIODEMOGR\u00c1FICAS", "help_text": "Por favor s\u00edrvase marcar un aspa (x) la alternativa, que usted considere adecuada", "form": 1, "is_question": true, "created_date": "2017-05-05T09:11:27.686", "modified_date": "2017-05-05T11:22:11.359"}}, {"model": "formbuilds.fieldset", "pk": 1, "fields": {"title": "Ubigeo", "show": false, "block": 1, "created_date": "2017-05-05T11:00:24.996", "modified_date": "2017-05-05T11:00:24.996"}}, {"model": "formbuilds.fieldset", "pk": 2, "fields": {"title": "Informacion", "show": false, "block": 2, "created_date": "2017-05-05T11:07:51.911", "modified_date": "2017-05-05T11:07:51.911"}}, {"model": "formbuilds.fieldset", "pk": 3, "fields": {"title": "LUGAR DE NACIMIENTO:", "show": true, "block": 2, "created_date": "2017-05-05T11:13:19.239", "modified_date": "2017-05-05T11:13:19.239"}}, {"model": "formbuilds.fieldset", "pk": 4, "fields": {"title": "EDUCACION", "show": true, "block": 3, "created_date": "2017-05-05T11:22:11.382", "modified_date": "2017-05-05T11:22:11.382"}}, {"model": "formbuilds.fieldset", "pk": 5, "fields": {"title": "SALUD", "show": true, "block": 3, "created_date": "2017-05-05T11:28:29.868", "modified_date": "2017-05-05T11:28:29.868"}}, {"model": "formbuilds.field", "pk": 1, "fields": {"type": "5", "content": "\u00bfHola que hace?", "label": "fsfsdfds", "required": true, "custom_attr": "", "form": 1, "fieldset": null, "help_text": ""}}, {"model": "formbuilds.field", "pk": 2, "fields": {"type": "10", "content": "DEPARTAMENTO", "label": "departamento", "required": true, "custom_attr": "", "form": null, "fieldset": 1, "help_text": ""}}, {"model": "formbuilds.field", "pk": 3, "fields": {"type": "11", "content": "PROVINCIA", "label": "provincia", "required": true, "custom_attr": "", "form": null, "fieldset": 1, "help_text": ""}}, {"model": "formbuilds.field", "pk": 4, "fields": {"type": "1", "content": "DISTRITO", "label": "distrito", "required": true, "custom_attr": "", "form": null, "fieldset": 1, "help_text": ""}}, {"model": "formbuilds.field", "pk": 5, "fields": {"type": "1", "content": "APELLIDOS Y NOMBRES (LEGAL O SOCIAL)", "label": "apellidos_nombres", "required": true, "custom_attr": "", "form": null, "fieldset": 2, "help_text": ""}}, {"model": "formbuilds.field", "pk": 6, "fields": {"type": "2", "content": "\u00bfTIENE DNI?", "label": "tiene_dni", "required": true, "custom_attr": "", "form": null, "fieldset": 2, "help_text": ""}}, {"model": "formbuilds.field", "pk": 7, "fields": {"type": "1", "content": "N\u00b0 DE DNI", "label": "dni", "required": true, "custom_attr": "", "form": null, "fieldset": 2, "help_text": ""}}, {"model": "formbuilds.field", "pk": 8, "fields": {"type": "1", "content": "CORREO ELECTR\u00d3NICO", "label": "email", "required": true, "custom_attr": "", "form": null, "fieldset": 2, "help_text": ""}}, {"model": "formbuilds.field", "pk": 9, "fields": {"type": "1", "content": "TEL\u00c9FONO M\u00d3VIL", "label": "telefono", "required": true, "custom_attr": "", "form": null, "fieldset": 2, "help_text": ""}}, {"model": "formbuilds.field", "pk": 10, "fields": {"type": "1", "content": "EDAD", "label": "edad", "required": true, "custom_attr": "", "form": null, "fieldset": 2, "help_text": ""}}, {"model": "formbuilds.field", "pk": 11, "fields": {"type": "8", "content": "FECHA DE NACIMIENTO", "label": "fecha_nacimiento", "required": true, "custom_attr": "", "form": null, "fieldset": 2, "help_text": ""}}, {"model": "formbuilds.field", "pk": 12, "fields": {"type": "1", "content": "PA\u00cdS", "label": "pais", "required": true, "custom_attr": "", "form": null, "fieldset": 3, "help_text": ""}}, {"model": "formbuilds.field", "pk": 13, "fields": {"type": "10", "content": "Departamento", "label": "departamento_bored", "required": true, "custom_attr": "", "form": null, "fieldset": 3, "help_text": ""}}, {"model": "formbuilds.field", "pk": 14, "fields": {"type": "11", "content": "PROVINCIA", "label": "provincia_bored", "required": true, "custom_attr": "", "form": null, "fieldset": 3, "help_text": ""}}, {"model": "formbuilds.field", "pk": 15, "fields": {"type": "12", "content": "DISTRITO", "label": "distrito_bored", "required": true, "custom_attr": "", "form": null, "fieldset": 3, "help_text": ""}}, {"model": "formbuilds.field", "pk": 16, "fields": {"type": "3", "content": "\u00bfCU\u00c1L ES EL \u00daLTIMO NIVEL DE ESTUDIOS ALCANZADO?", "label": "P101", "required": true, "custom_attr": "", "form": null, "fieldset": 4, "help_text": ""}}, {"model": "formbuilds.field", "pk": 17, "fields": {"type": "2", "content": "ACTUALMENTE, \u00bfASISTE A UNA INSTITUCI\u00d3N EDUCATIVA, COLEGIO, INSTITUTO SUPERIOR O UNIVERSIDAD?", "label": "P102", "required": true, "custom_attr": "", "form": null, "fieldset": 4, "help_text": ""}}, {"model": "formbuilds.field", "pk": 18, "fields": {"type": "3", "content": "\u00bfCU\u00c1L ES LA PRINCIPAL RAZ\u00d3N POR LA CUAL USTED NO ASISTE A UNA INSTITUCI\u00d3N EDUCATIVA, COLEGIO, INSTITUTO SUPERIOR O UNIVERSIDAD?", "label": "P103", "required": true, "custom_attr": "", "form": null, "fieldset": 4, "help_text": ""}}, {"model": "formbuilds.field", "pk": 19, "fields": {"type": "4", "content": "USTED SE ENCUENTRA AFILIADO", "label": "P201", "required": true, "custom_attr": "", "form": null, "fieldset": 5, "help_text": ""}}, {"model": "formbuilds.field", "pk": 20, "fields": {"type": "7", "content": "OBSERVACIONES", "label": "observaciones", "required": true, "custom_attr": "", "form": null, "fieldset": 3, "help_text": ""}}, {"model": "formbuilds.option", "pk": 1, "fields": {"content": "Sin nivel educativo", "field": 16}}, {"model": "formbuilds.option", "pk": 2, "fields": {"content": "Educaci\u00f3n inicial", "field": 16}}, {"model": "formbuilds.option", "pk": 3, "fields": {"content": "Primaria Incompleta", "field": 16}}, {"model": "formbuilds.option", "pk": 4, "fields": {"content": "Primaria Completa", "field": 16}}, {"model": "formbuilds.option", "pk": 5, "fields": {"content": "Secundaria Incompleta", "field": 16}}, {"model": "formbuilds.option", "pk": 6, "fields": {"content": "Secundaria Completa", "field": 16}}, {"model": "formbuilds.option", "pk": 7, "fields": {"content": "Por falta de dinero", "field": 18}}, {"model": "formbuilds.option", "pk": 8, "fields": {"content": "Porque fui discriminado(a)o violentado(a) por mi orientaci\u00f3n sexual/identidad de g\u00e9nero/ diversidad corporal", "field": 18}}, {"model": "formbuilds.option", "pk": 9, "fields": {"content": "Porque ya conclu\u00ed mis estudios", "field": 18}}, {"model": "formbuilds.option", "pk": 10, "fields": {"content": "Otra raz\u00f3n", "field": 18}}, {"model": "formbuilds.option", "pk": 11, "fields": {"content": "\u00bfSeguro integral de salud (SIS)?", "field": 19}}, {"model": "formbuilds.option", "pk": 12, "fields": {"content": "\u00bfSeguro social de salud (ESSALUD)?", "field": 19}}, {"model": "formbuilds.option", "pk": 13, "fields": {"content": "\u00bfSeguro de fuerzas armadas / policiales?", "field": 19}}, {"model": "formbuilds.option", "pk": 14, "fields": {"content": "\u00bfSeguro privado de salud?", "field": 19}}, {"model": "formbuilds.option", "pk": 15, "fields": {"content": "\u00bfEntidad prestadora de salud (EPS)?.", "field": 19}}, {"model": "formbuilds.option", "pk": 16, "fields": {"content": "\u00bfOtro seguro?", "field": 19}}, {"model": "formbuilds.option", "pk": 17, "fields": {"content": "No estoy afiliado", "field": 19}}]